airport,city,Average Fare,Inflation Adjusted Average Fare,year,quarter
HNL,Honolulu,103.28,211.15,1993,1
OGG,Kahului,48.83,99.84,1993,1
KOA,Kona,45.96,93.98,1993,1
LIH,Lihue,48.21,98.56,1993,1
ITO,Hilo,42.72,87.34,1993,1
MKK,Hoolehua,47.74,97.61,1993,1
LNY,Lanai,48.39,98.94,1993,1
JHM,Kapalua,44.67,91.33,1993,1
HNM,Hana,49.13,100.44,1993,1
HPV,Hanalei,42.72,87.35,1993,1
LUP,Kalaupapa,57.13,116.79,1993,1
MUE,Kamuela,39.3,80.34,1993,1
HNL,Honolulu,138.22,280.44,1993,2
OGG,Kahului,60.53,122.81,1993,2
KOA,Kona,62.19,126.19,1993,2
LIH,Lihue,58.09,117.86,1993,2
ITO,Hilo,51.63,104.75,1993,2
MKK,Hoolehua,57.65,116.96,1993,2
LNY,Lanai,55.0,111.59,1993,2
JHM,Kapalua,47.3,95.96,1993,2
HNM,Hana,55.92,113.45,1993,2
HPV,Hanalei,55.16,111.91,1993,2
LUP,Kalaupapa,62.36,126.53,1993,2
HNL,Honolulu,117.03,236.52,1993,3
OGG,Kahului,53.42,107.95,1993,3
KOA,Kona,52.05,105.19,1993,3
LIH,Lihue,50.61,102.28,1993,3
ITO,Hilo,49.36,99.75,1993,3
MKK,Hoolehua,45.3,91.56,1993,3
LNY,Lanai,51.94,104.96,1993,3
JHM,Kapalua,43.76,88.43,1993,3
HNM,Hana,67.65,136.72,1993,3
HPV,Hanalei,77.71,157.05,1993,3
LUP,Kalaupapa,80.0,161.68,1993,3
HNL,Honolulu,117.91,236.65,1993,4
OGG,Kahului,53.77,107.91,1993,4
KOA,Kona,53.86,108.1,1993,4
LIH,Lihue,44.27,88.86,1993,4
ITO,Hilo,45.82,91.96,1993,4
MKK,Hoolehua,44.35,89.01,1993,4
LNY,Lanai,58.79,118.0,1993,4
JHM,Kapalua,40.27,80.83,1993,4
HNM,Hana,73.76,148.05,1993,4
HPV,Hanalei,73.37,147.25,1993,4
LUP,Kalaupapa,67.69,135.87,1993,4
HNL,Honolulu,124.46,248.23,1994,1
OGG,Kahului,58.24,116.16,1994,1
KOA,Kona,57.0,113.69,1994,1
LIH,Lihue,47.32,94.38,1994,1
ITO,Hilo,45.16,90.07,1994,1
MKK,Hoolehua,59.41,118.48,1994,1
LNY,Lanai,69.32,138.25,1994,1
JHM,Kapalua,52.61,104.92,1994,1
HNM,Hana,68.5,136.61,1994,1
HPV,Hanalei,92.87,185.21,1994,1
LUP,Kalaupapa,71.9,143.4,1994,1
HNL,Honolulu,141.09,279.61,1994,2
OGG,Kahului,63.53,125.91,1994,2
KOA,Kona,64.54,127.89,1994,2
LIH,Lihue,48.87,96.85,1994,2
ITO,Hilo,50.37,99.82,1994,2
MKK,Hoolehua,63.56,125.96,1994,2
LNY,Lanai,64.49,127.81,1994,2
JHM,Kapalua,58.91,116.75,1994,2
HNM,Hana,125.43,248.58,1994,2
HPV,Hanalei,155.14,307.45,1994,2
HNL,Honolulu,113.98,223.91,1994,3
OGG,Kahului,57.56,113.07,1994,3
KOA,Kona,57.25,112.47,1994,3
LIH,Lihue,48.51,95.3,1994,3
ITO,Hilo,48.85,95.95,1994,3
MKK,Hoolehua,58.62,115.15,1994,3
LNY,Lanai,59.98,117.84,1994,3
JHM,Kapalua,51.39,100.96,1994,3
HNM,Hana,68.09,133.76,1994,3
HPV,Hanalei,82.75,162.55,1994,3
LUP,Kalaupapa,124.0,243.59,1994,3
HNL,Honolulu,119.9,234.44,1994,4
OGG,Kahului,56.72,110.9,1994,4
KOA,Kona,57.56,112.54,1994,4
LIH,Lihue,45.12,88.22,1994,4
ITO,Hilo,46.07,90.09,1994,4
MKK,Hoolehua,53.27,104.16,1994,4
LNY,Lanai,62.08,121.39,1994,4
JHM,Kapalua,66.14,129.32,1994,4
HNM,Hana,83.12,162.52,1994,4
HPV,Hanalei,109.01,213.15,1994,4
LUP,Kalaupapa,118.67,232.02,1994,4
HNL,Honolulu,117.28,227.44,1995,1
OGG,Kahului,54.27,105.25,1995,1
KOA,Kona,50.19,97.33,1995,1
LIH,Lihue,43.05,83.48,1995,1
ITO,Hilo,41.97,81.39,1995,1
MKK,Hoolehua,53.99,104.7,1995,1
LNY,Lanai,54.55,105.79,1995,1
JHM,Kapalua,77.29,149.88,1995,1
HNM,Hana,68.57,132.98,1995,1
HPV,Hanalei,83.97,162.84,1995,1
LUP,Kalaupapa,87.0,168.72,1995,1
HNL,Honolulu,119.03,228.81,1995,2
OGG,Kahului,53.75,103.32,1995,2
KOA,Kona,51.02,98.08,1995,2
LIH,Lihue,42.77,82.22,1995,2
ITO,Hilo,43.3,83.24,1995,2
MKK,Hoolehua,43.89,84.37,1995,2
LNY,Lanai,40.4,77.66,1995,2
HNL,Honolulu,105.58,202.08,1995,3
OGG,Kahului,48.28,92.41,1995,3
KOA,Kona,45.25,86.61,1995,3
LIH,Lihue,40.42,77.35,1995,3
ITO,Hilo,41.61,79.63,1995,3
MKK,Hoolehua,46.16,88.35,1995,3
LNY,Lanai,54.02,103.38,1995,3
HNL,Honolulu,111.47,212.32,1995,4
OGG,Kahului,49.97,95.19,1995,4
KOA,Kona,46.45,88.47,1995,4
LIH,Lihue,40.33,76.82,1995,4
ITO,Hilo,40.53,77.2,1995,4
MKK,Hoolehua,41.62,79.27,1995,4
LNY,Lanai,45.2,86.1,1995,4
LUP,Kalaupapa,597.0,1137.15,1995,4
HNL,Honolulu,113.71,214.63,1996,1
OGG,Kahului,49.05,92.59,1996,1
KOA,Kona,46.22,87.25,1996,1
LIH,Lihue,39.63,74.8,1996,1
ITO,Hilo,39.32,74.21,1996,1
MKK,Hoolehua,41.11,77.59,1996,1
LNY,Lanai,40.74,76.9,1996,1
HNL,Honolulu,118.13,220.79,1996,2
OGG,Kahului,52.32,97.79,1996,2
KOA,Kona,50.81,94.96,1996,2
LIH,Lihue,39.78,74.35,1996,2
ITO,Hilo,40.12,74.98,1996,2
MKK,Hoolehua,43.68,81.64,1996,2
LNY,Lanai,40.74,76.15,1996,2
HNL,Honolulu,110.35,205.16,1996,3
OGG,Kahului,55.04,102.32,1996,3
KOA,Kona,49.81,92.6,1996,3
LIH,Lihue,40.86,75.96,1996,3
ITO,Hilo,43.49,80.85,1996,3
MKK,Hoolehua,44.81,83.32,1996,3
LNY,Lanai,46.11,85.72,1996,3
JHM,Kapalua,66.0,122.71,1996,3
HNL,Honolulu,118.22,218.22,1996,4
OGG,Kahului,55.57,102.57,1996,4
KOA,Kona,50.67,93.52,1996,4
LIH,Lihue,42.71,78.84,1996,4
ITO,Hilo,42.9,79.18,1996,4
MKK,Hoolehua,38.02,70.18,1996,4
LNY,Lanai,45.49,83.97,1996,4
JHM,Kapalua,120.0,221.51,1996,4
HNL,Honolulu,105.56,193.54,1997,1
OGG,Kahului,53.85,98.74,1997,1
KOA,Kona,49.18,90.17,1997,1
LIH,Lihue,42.68,78.25,1997,1
ITO,Hilo,42.74,78.36,1997,1
MKK,Hoolehua,42.1,77.19,1997,1
LNY,Lanai,43.86,80.42,1997,1
JHM,Kapalua,50.0,91.68,1997,1
HNL,Honolulu,123.59,225.72,1997,2
OGG,Kahului,55.82,101.94,1997,2
KOA,Kona,54.4,99.34,1997,2
LIH,Lihue,41.94,76.6,1997,2
ITO,Hilo,41.49,75.78,1997,2
MKK,Hoolehua,39.96,72.98,1997,2
LNY,Lanai,38.63,70.55,1997,2
HNM,Hana,59.0,107.75,1997,2
HNL,Honolulu,119.55,217.47,1997,3
OGG,Kahului,54.86,99.8,1997,3
KOA,Kona,48.87,88.9,1997,3
LIH,Lihue,40.43,73.55,1997,3
ITO,Hilo,42.34,77.02,1997,3
MKK,Hoolehua,38.26,69.59,1997,3
LNY,Lanai,38.1,69.3,1997,3
JHM,Kapalua,45.0,81.86,1997,3
HNL,Honolulu,121.54,220.24,1997,4
OGG,Kahului,53.44,96.84,1997,4
KOA,Kona,50.93,92.28,1997,4
LIH,Lihue,41.61,75.39,1997,4
ITO,Hilo,41.72,75.59,1997,4
MKK,Hoolehua,43.89,79.52,1997,4
LNY,Lanai,38.17,69.16,1997,4
HNL,Honolulu,111.99,202.38,1998,1
OGG,Kahului,62.73,113.36,1998,1
KOA,Kona,53.16,96.06,1998,1
LIH,Lihue,53.92,97.43,1998,1
ITO,Hilo,41.15,74.36,1998,1
MKK,Hoolehua,41.68,75.32,1998,1
LNY,Lanai,37.71,68.15,1998,1
HNL,Honolulu,129.6,232.95,1998,2
OGG,Kahului,58.21,104.63,1998,2
KOA,Kona,54.85,98.58,1998,2
LIH,Lihue,44.29,79.61,1998,2
ITO,Hilo,44.49,79.97,1998,2
MKK,Hoolehua,44.03,79.15,1998,2
LNY,Lanai,45.97,82.62,1998,2
HNL,Honolulu,134.77,241.31,1998,3
OGG,Kahului,60.05,107.51,1998,3
KOA,Kona,59.59,106.69,1998,3
LIH,Lihue,47.87,85.7,1998,3
ITO,Hilo,46.97,84.09,1998,3
MKK,Hoolehua,44.55,79.77,1998,3
LNY,Lanai,48.2,86.3,1998,3
JHM,Kapalua,99.0,177.26,1998,3
HNM,Hana,208.0,372.43,1998,3
HNL,Honolulu,126.85,226.35,1998,4
OGG,Kahului,58.49,104.36,1998,4
KOA,Kona,56.82,101.39,1998,4
LIH,Lihue,46.43,82.84,1998,4
ITO,Hilo,45.27,80.78,1998,4
MKK,Hoolehua,43.33,77.32,1998,4
LNY,Lanai,45.05,80.38,1998,4
JHM,Kapalua,137.5,245.35,1998,4
HNL,Honolulu,116.65,207.34,1999,1
OGG,Kahului,55.52,98.69,1999,1
KOA,Kona,56.93,101.2,1999,1
LIH,Lihue,46.1,81.94,1999,1
ITO,Hilo,43.63,77.56,1999,1
MKK,Hoolehua,39.6,70.38,1999,1
LNY,Lanai,50.69,90.11,1999,1
HNL,Honolulu,142.03,250.03,1999,2
OGG,Kahului,62.39,109.83,1999,2
KOA,Kona,61.44,108.16,1999,2
LIH,Lihue,48.01,84.52,1999,2
ITO,Hilo,62.39,109.82,1999,2
MKK,Hoolehua,39.19,68.99,1999,2
LNY,Lanai,42.75,75.26,1999,2
JHM,Kapalua,61.5,108.26,1999,2
HNM,Hana,97.0,170.76,1999,2
HNL,Honolulu,135.35,236.79,1999,3
OGG,Kahului,62.89,110.03,1999,3
KOA,Kona,64.97,113.67,1999,3
LIH,Lihue,49.01,85.74,1999,3
ITO,Hilo,46.36,81.1,1999,3
MKK,Hoolehua,44.26,77.43,1999,3
LNY,Lanai,50.55,88.44,1999,3
JHM,Kapalua,115.8,202.59,1999,3
HNL,Honolulu,135.08,234.87,1999,4
OGG,Kahului,63.18,109.85,1999,4
KOA,Kona,61.02,106.09,1999,4
LIH,Lihue,49.25,85.63,1999,4
ITO,Hilo,48.74,84.75,1999,4
MKK,Hoolehua,40.37,70.2,1999,4
LNY,Lanai,42.16,73.3,1999,4
JHM,Kapalua,194.0,337.32,1999,4
HNL,Honolulu,124.44,214.25,2000,1
OGG,Kahului,66.67,114.78,2000,1
KOA,Kona,61.2,105.37,2000,1
LIH,Lihue,50.73,87.34,2000,1
ITO,Hilo,47.25,81.35,2000,1
MKK,Hoolehua,39.71,68.37,2000,1
LNY,Lanai,44.33,76.32,2000,1
JHM,Kapalua,110.0,189.39,2000,1
HNL,Honolulu,141.37,240.85,2000,2
OGG,Kahului,69.52,118.44,2000,2
KOA,Kona,71.14,121.2,2000,2
LIH,Lihue,54.06,92.1,2000,2
ITO,Hilo,51.65,87.98,2000,2
MKK,Hoolehua,44.45,75.73,2000,2
LNY,Lanai,45.37,77.29,2000,2
JHM,Kapalua,105.5,179.73,2000,2
HNL,Honolulu,142.75,241.27,2000,3
OGG,Kahului,73.14,123.61,2000,3
KOA,Kona,72.69,122.87,2000,3
LIH,Lihue,55.77,94.27,2000,3
ITO,Hilo,56.49,95.48,2000,3
MKK,Hoolehua,52.46,88.68,2000,3
LNY,Lanai,47.44,80.19,2000,3
JHM,Kapalua,143.83,243.11,2000,3
HNL,Honolulu,148.22,249.18,2000,4
OGG,Kahului,75.56,127.02,2000,4
KOA,Kona,73.5,123.56,2000,4
LIH,Lihue,58.8,98.86,2000,4
ITO,Hilo,53.18,89.41,2000,4
MKK,Hoolehua,52.4,88.09,2000,4
LNY,Lanai,60.88,102.35,2000,4
JHM,Kapalua,119.4,200.73,2000,4
HNL,Honolulu,142.59,237.43,2001,1
OGG,Kahului,76.64,127.61,2001,1
KOA,Kona,75.3,125.39,2001,1
LIH,Lihue,58.45,97.33,2001,1
ITO,Hilo,55.52,92.45,2001,1
MKK,Hoolehua,60.3,100.41,2001,1
LNY,Lanai,57.04,94.98,2001,1
JHM,Kapalua,135.25,225.22,2001,1
HNL,Honolulu,162.8,268.3,2001,2
OGG,Kahului,82.49,135.95,2001,2
KOA,Kona,80.31,132.35,2001,2
LIH,Lihue,63.14,104.06,2001,2
ITO,Hilo,56.49,93.09,2001,2
MKK,Hoolehua,61.32,101.05,2001,2
LNY,Lanai,55.9,92.12,2001,2
JHM,Kapalua,145.44,239.69,2001,2
HNL,Honolulu,160.7,264.48,2001,3
OGG,Kahului,95.32,156.88,2001,3
KOA,Kona,81.15,133.56,2001,3
LIH,Lihue,62.01,102.06,2001,3
ITO,Hilo,58.57,96.4,2001,3
MKK,Hoolehua,52.0,85.59,2001,3
LNY,Lanai,56.96,93.75,2001,3
JHM,Kapalua,136.17,224.11,2001,3
HNL,Honolulu,157.03,259.18,2001,4
OGG,Kahului,92.19,152.16,2001,4
KOA,Kona,87.98,145.2,2001,4
LIH,Lihue,69.5,114.7,2001,4
ITO,Hilo,60.34,99.6,2001,4
MKK,Hoolehua,59.72,98.56,2001,4
LNY,Lanai,58.5,96.55,2001,4
JHM,Kapalua,109.29,180.37,2001,4
HNL,Honolulu,153.08,251.75,2002,1
OGG,Kahului,92.05,151.39,2002,1
KOA,Kona,85.86,141.2,2002,1
LIH,Lihue,66.13,108.75,2002,1
ITO,Hilo,59.72,98.22,2002,1
MKK,Hoolehua,57.59,94.71,2002,1
LNY,Lanai,65.66,107.98,2002,1
JHM,Kapalua,140.6,231.23,2002,1
HNL,Honolulu,162.96,265.12,2002,2
OGG,Kahului,91.62,149.05,2002,2
KOA,Kona,88.89,144.61,2002,2
LIH,Lihue,67.29,109.48,2002,2
ITO,Hilo,62.79,102.16,2002,2
MKK,Hoolehua,60.54,98.5,2002,2
LNY,Lanai,57.67,93.82,2002,2
JHM,Kapalua,225.4,366.7,2002,2
HNL,Honolulu,159.41,258.25,2002,3
OGG,Kahului,94.98,153.86,2002,3
KOA,Kona,87.2,141.26,2002,3
LIH,Lihue,68.12,110.36,2002,3
ITO,Hilo,62.17,100.71,2002,3
MKK,Hoolehua,70.22,113.75,2002,3
LNY,Lanai,62.31,100.94,2002,3
JHM,Kapalua,224.31,363.39,2002,3
HNL,Honolulu,162.7,262.74,2002,4
OGG,Kahului,93.44,150.9,2002,4
KOA,Kona,89.28,144.18,2002,4
LIH,Lihue,73.66,118.96,2002,4
ITO,Hilo,63.65,102.79,2002,4
MKK,Hoolehua,63.73,102.91,2002,4
LNY,Lanai,78.39,126.59,2002,4
JHM,Kapalua,148.5,239.82,2002,4
HNL,Honolulu,172.45,275.71,2003,1
OGG,Kahului,106.71,170.6,2003,1
KOA,Kona,101.74,162.66,2003,1
LIH,Lihue,84.99,135.88,2003,1
ITO,Hilo,72.82,116.41,2003,1
MKK,Hoolehua,120.75,193.05,2003,1
LNY,Lanai,86.85,138.84,2003,1
JHM,Kapalua,186.59,298.31,2003,1
HNL,Honolulu,207.01,329.75,2003,2
OGG,Kahului,131.89,210.09,2003,2
KOA,Kona,127.17,202.58,2003,2
LIH,Lihue,104.06,165.77,2003,2
ITO,Hilo,89.71,142.91,2003,2
MKK,Hoolehua,126.18,201.0,2003,2
LNY,Lanai,103.63,165.07,2003,2
JHM,Kapalua,228.25,363.59,2003,2
HNL,Honolulu,216.73,343.55,2003,3
OGG,Kahului,140.04,222.0,2003,3
KOA,Kona,134.39,213.03,2003,3
LIH,Lihue,112.86,178.9,2003,3
ITO,Hilo,100.1,158.68,2003,3
MKK,Hoolehua,104.08,164.99,2003,3
LNY,Lanai,116.89,185.29,2003,3
JHM,Kapalua,177.0,280.58,2003,3
HNL,Honolulu,228.31,361.85,2003,4
OGG,Kahului,151.57,240.22,2003,4
KOA,Kona,145.58,230.72,2003,4
LIH,Lihue,120.28,190.64,2003,4
ITO,Hilo,108.62,172.15,2003,4
MKK,Hoolehua,143.62,227.63,2003,4
LNY,Lanai,111.77,177.15,2003,4
JHM,Kapalua,171.11,271.18,2003,4
HNL,Honolulu,232.15,364.64,2004,1
OGG,Kahului,168.17,264.15,2004,1
KOA,Kona,159.93,251.21,2004,1
LIH,Lihue,136.82,214.91,2004,1
ITO,Hilo,127.41,200.12,2004,1
MKK,Hoolehua,117.32,184.28,2004,1
LNY,Lanai,120.54,189.33,2004,1
JHM,Kapalua,183.97,288.96,2004,1
HNL,Honolulu,253.56,392.64,2004,2
OGG,Kahului,183.78,284.59,2004,2
KOA,Kona,182.4,282.46,2004,2
LIH,Lihue,150.35,232.82,2004,2
ITO,Hilo,138.1,213.85,2004,2
MKK,Hoolehua,127.49,197.42,2004,2
LNY,Lanai,115.15,178.31,2004,2
JHM,Kapalua,207.29,320.99,2004,2
HNL,Honolulu,253.26,390.81,2004,3
OGG,Kahului,183.86,283.72,2004,3
KOA,Kona,188.89,291.48,2004,3
LIH,Lihue,161.79,249.65,2004,3
ITO,Hilo,140.25,216.41,2004,3
MKK,Hoolehua,205.25,316.72,2004,3
LNY,Lanai,140.49,216.79,2004,3
JHM,Kapalua,192.25,296.66,2004,3
HNL,Honolulu,236.36,362.56,2004,4
OGG,Kahului,172.48,264.57,2004,4
KOA,Kona,177.08,271.63,2004,4
LIH,Lihue,163.17,250.3,2004,4
ITO,Hilo,117.58,180.36,2004,4
MKK,Hoolehua,406.38,623.35,2004,4
LNY,Lanai,528.0,809.92,2004,4
JHM,Kapalua,302.0,463.25,2004,4
HNL,Honolulu,246.99,376.5,2005,1
OGG,Kahului,190.1,289.78,2005,1
KOA,Kona,185.57,282.87,2005,1
LIH,Lihue,153.34,233.75,2005,1
ITO,Hilo,131.69,200.75,2005,1
MKK,Hoolehua,334.0,509.13,2005,1
LNY,Lanai,389.75,594.11,2005,1
JHM,Kapalua,332.33,506.59,2005,1
HNL,Honolulu,272.29,409.59,2005,2
OGG,Kahului,195.59,294.21,2005,2
KOA,Kona,200.87,302.15,2005,2
LIH,Lihue,162.06,243.77,2005,2
ITO,Hilo,139.53,209.88,2005,2
MKK,Hoolehua,438.63,659.79,2005,2
LNY,Lanai,378.11,568.76,2005,2
JHM,Kapalua,484.83,729.3,2005,2
HNL,Honolulu,283.13,420.77,2005,3
OGG,Kahului,213.58,317.4,2005,3
KOA,Kona,208.31,309.57,2005,3
LIH,Lihue,177.07,263.16,2005,3
ITO,Hilo,157.12,233.51,2005,3
MKK,Hoolehua,622.56,925.21,2005,3
LNY,Lanai,462.25,686.97,2005,3
JHM,Kapalua,474.57,705.28,2005,3
HNL,Honolulu,282.63,417.91,2005,4
OGG,Kahului,217.02,320.89,2005,4
KOA,Kona,224.76,332.34,2005,4
LIH,Lihue,189.47,280.16,2005,4
ITO,Hilo,173.26,256.19,2005,4
MKK,Hoolehua,470.29,695.38,2005,4
LNY,Lanai,271.5,401.45,2005,4
JHM,Kapalua,403.89,597.2,2005,4
HNL,Honolulu,293.55,431.73,2006,1
OGG,Kahului,233.89,343.99,2006,1
KOA,Kona,227.3,334.29,2006,1
LIH,Lihue,195.56,287.61,2006,1
ITO,Hilo,173.37,254.97,2006,1
MKK,Hoolehua,640.57,942.09,2006,1
LNY,Lanai,247.67,364.24,2006,1
JHM,Kapalua,753.0,1107.44,2006,1
HNL,Honolulu,308.15,445.65,2006,2
OGG,Kahului,232.5,336.25,2006,2
KOA,Kona,231.32,334.54,2006,2
LIH,Lihue,194.75,281.66,2006,2
ITO,Hilo,174.03,251.69,2006,2
MKK,Hoolehua,671.38,970.96,2006,2
LNY,Lanai,397.5,574.88,2006,2
JHM,Kapalua,487.0,704.31,2006,2
HNL,Honolulu,272.57,392.0,2006,3
OGG,Kahului,202.17,290.76,2006,3
KOA,Kona,206.5,296.98,2006,3
LIH,Lihue,157.72,226.83,2006,3
ITO,Hilo,146.72,211.0,2006,3
MKK,Hoolehua,455.17,654.61,2006,3
LNY,Lanai,533.5,767.26,2006,3
JHM,Kapalua,730.56,1050.66,2006,3
HNM,Hana,1384.0,1990.43,2006,3
HNL,Honolulu,240.13,348.31,2006,4
OGG,Kahului,173.65,251.89,2006,4
KOA,Kona,169.21,245.44,2006,4
LIH,Lihue,150.19,217.85,2006,4
ITO,Hilo,124.49,180.57,2006,4
MKK,Hoolehua,608.0,881.92,2006,4
LNY,Lanai,771.0,1118.36,2006,4
JHM,Kapalua,375.71,544.99,2006,4
HNL,Honolulu,216.54,310.93,2007,1
OGG,Kahului,165.78,238.05,2007,1
KOA,Kona,154.2,221.42,2007,1
LIH,Lihue,131.73,189.15,2007,1
ITO,Hilo,111.38,159.92,2007,1
MKK,Hoolehua,370.65,532.21,2007,1
LNY,Lanai,362.9,521.09,2007,1
JHM,Kapalua,509.0,730.87,2007,1
HNM,Hana,283.0,406.36,2007,1
HNL,Honolulu,248.01,349.41,2007,2
OGG,Kahului,179.25,252.54,2007,2
KOA,Kona,168.63,237.58,2007,2
LIH,Lihue,138.66,195.36,2007,2
ITO,Hilo,119.64,168.57,2007,2
MKK,Hoolehua,562.0,791.79,2007,2
LNY,Lanai,641.1,903.24,2007,2
JHM,Kapalua,847.85,1194.52,2007,2
HNL,Honolulu,255.16,358.5,2007,3
OGG,Kahului,185.73,260.95,2007,3
KOA,Kona,180.4,253.46,2007,3
LIH,Lihue,155.0,217.78,2007,3
ITO,Hilo,133.96,188.22,2007,3
MKK,Hoolehua,547.69,769.5,2007,3
LNY,Lanai,358.92,504.28,2007,3
JHM,Kapalua,569.38,799.99,2007,3
HNM,Hana,195.0,273.98,2007,3
HNL,Honolulu,268.09,374.01,2007,4
OGG,Kahului,183.18,255.56,2007,4
KOA,Kona,178.31,248.76,2007,4
LIH,Lihue,159.85,223.0,2007,4
ITO,Hilo,130.41,181.94,2007,4
MKK,Hoolehua,446.67,623.14,2007,4
LNY,Lanai,589.42,822.29,2007,4
JHM,Kapalua,571.1,796.73,2007,4
HNL,Honolulu,255.16,351.97,2008,1
OGG,Kahului,193.79,267.32,2008,1
KOA,Kona,191.94,264.76,2008,1
LIH,Lihue,166.68,229.92,2008,1
ITO,Hilo,135.62,187.07,2008,1
MKK,Hoolehua,404.82,558.41,2008,1
LNY,Lanai,843.42,1163.41,2008,1
JHM,Kapalua,627.25,865.23,2008,1
HNL,Honolulu,332.77,449.17,2008,2
OGG,Kahului,254.51,343.53,2008,2
KOA,Kona,242.6,327.45,2008,2
LIH,Lihue,209.51,282.79,2008,2
ITO,Hilo,179.19,241.87,2008,2
MKK,Hoolehua,640.75,864.87,2008,2
LNY,Lanai,664.64,897.12,2008,2
JHM,Kapalua,698.36,942.63,2008,2
HNL,Honolulu,357.75,477.32,2008,3
OGG,Kahului,255.74,341.22,2008,3
KOA,Kona,268.23,357.88,2008,3
LIH,Lihue,221.0,294.87,2008,3
ITO,Hilo,204.35,272.65,2008,3
MKK,Hoolehua,307.44,410.21,2008,3
LNY,Lanai,740.5,988.01,2008,3
JHM,Kapalua,588.0,784.54,2008,3
HNL,Honolulu,319.18,438.27,2008,4
OGG,Kahului,241.25,331.26,2008,4
KOA,Kona,227.39,312.22,2008,4
LIH,Lihue,203.22,279.04,2008,4
ITO,Hilo,178.48,245.06,2008,4
MKK,Hoolehua,453.77,623.07,2008,4
LNY,Lanai,646.44,887.63,2008,4
JHM,Kapalua,738.76,1014.39,2008,4
HNL,Honolulu,268.96,371.15,2009,1
OGG,Kahului,205.8,283.99,2009,1
KOA,Kona,191.66,264.48,2009,1
LIH,Lihue,158.81,219.15,2009,1
ITO,Hilo,147.47,203.51,2009,1
MKK,Hoolehua,609.63,841.26,2009,1
LNY,Lanai,337.15,465.26,2009,1
JHM,Kapalua,415.0,572.68,2009,1
HNL,Honolulu,276.92,378.13,2009,2
OGG,Kahului,193.8,264.63,2009,2
KOA,Kona,183.88,251.09,2009,2
LIH,Lihue,164.32,224.37,2009,2
ITO,Hilo,138.2,188.7,2009,2
MKK,Hoolehua,548.0,748.28,2009,2
LNY,Lanai,699.17,954.7,2009,2
JHM,Kapalua,436.25,595.69,2009,2
HNL,Honolulu,273.09,370.39,2009,3
OGG,Kahului,183.21,248.48,2009,3
KOA,Kona,186.13,252.45,2009,3
LIH,Lihue,163.34,221.54,2009,3
ITO,Hilo,134.1,181.88,2009,3
MKK,Hoolehua,265.6,360.23,2009,3
LNY,Lanai,591.0,801.56,2009,3
JHM,Kapalua,632.33,857.62,2009,3
HNL,Honolulu,302.83,409.89,2009,4
OGG,Kahului,207.49,280.84,2009,4
KOA,Kona,205.93,278.74,2009,4
LIH,Lihue,187.99,254.45,2009,4
ITO,Hilo,156.93,212.41,2009,4
MKK,Hoolehua,436.42,590.71,2009,4
LNY,Lanai,280.27,379.36,2009,4
JHM,Kapalua,497.17,672.94,2009,4
HNL,Honolulu,290.02,390.99,2010,1
OGG,Kahului,222.86,300.45,2010,1
KOA,Kona,231.97,312.73,2010,1
LIH,Lihue,190.92,257.39,2010,1
ITO,Hilo,172.0,231.88,2010,1
MKK,Hoolehua,379.25,511.28,2010,1
LNY,Lanai,774.67,1044.36,2010,1
JHM,Kapalua,351.33,473.65,2010,1
HNL,Honolulu,332.06,445.54,2010,2
OGG,Kahului,234.97,315.28,2010,2
KOA,Kona,243.86,327.21,2010,2
LIH,Lihue,217.63,292.01,2010,2
ITO,Hilo,190.87,256.1,2010,2
MKK,Hoolehua,645.67,866.33,2010,2
LNY,Lanai,500.88,672.06,2010,2
JHM,Kapalua,623.4,836.45,2010,2
LUP,Kalaupapa,1080.0,1449.1,2010,2
HNL,Honolulu,324.83,435.44,2010,3
OGG,Kahului,234.14,313.86,2010,3
KOA,Kona,240.29,322.11,2010,3
LIH,Lihue,212.83,285.3,2010,3
ITO,Hilo,188.03,252.06,2010,3
MKK,Hoolehua,529.86,710.28,2010,3
LNY,Lanai,532.17,713.38,2010,3
JHM,Kapalua,389.0,521.46,2010,3
HNL,Honolulu,336.24,449.41,2010,4
OGG,Kahului,242.54,324.18,2010,4
KOA,Kona,244.19,326.37,2010,4
LIH,Lihue,228.32,305.16,2010,4
ITO,Hilo,198.5,265.31,2010,4
MKK,Hoolehua,502.5,671.63,2010,4
LNY,Lanai,683.33,913.32,2010,4
JHM,Kapalua,551.0,736.45,2010,4
HNL,Honolulu,326.56,431.02,2011,1
OGG,Kahului,254.03,335.28,2011,1
KOA,Kona,254.03,335.29,2011,1
LIH,Lihue,229.83,303.35,2011,1
ITO,Hilo,188.86,249.27,2011,1
MKK,Hoolehua,519.4,685.54,2011,1
LNY,Lanai,573.57,757.04,2011,1
JHM,Kapalua,632.75,835.15,2011,1
HNL,Honolulu,364.64,473.03,2011,2
OGG,Kahului,272.27,353.2,2011,2
KOA,Kona,272.37,353.33,2011,2
LIH,Lihue,242.67,314.81,2011,2
ITO,Hilo,217.89,282.65,2011,2
MKK,Hoolehua,643.3,834.53,2011,2
LNY,Lanai,651.38,845.0,2011,2
JHM,Kapalua,907.89,1177.77,2011,2
HNL,Honolulu,363.08,469.1,2011,3
OGG,Kahului,273.03,352.75,2011,3
KOA,Kona,264.02,341.1,2011,3
LIH,Lihue,250.48,323.61,2011,3
ITO,Hilo,234.26,302.66,2011,3
MKK,Hoolehua,836.86,1081.2,2011,3
LNY,Lanai,590.69,763.16,2011,3
JHM,Kapalua,567.05,732.62,2011,3
HNL,Honolulu,365.91,473.47,2011,4
OGG,Kahului,267.86,346.6,2011,4
KOA,Kona,265.28,343.27,2011,4
LIH,Lihue,246.91,319.49,2011,4
ITO,Hilo,231.96,300.14,2011,4
MKK,Hoolehua,1013.57,1311.51,2011,4
LNY,Lanai,807.89,1045.37,2011,4
JHM,Kapalua,557.14,720.91,2011,4
HNL,Honolulu,332.7,427.1,2012,1
OGG,Kahului,259.63,333.3,2012,1
KOA,Kona,259.73,333.43,2012,1
LIH,Lihue,233.2,299.37,2012,1
ITO,Hilo,209.7,269.2,2012,1
MKK,Hoolehua,678.33,870.8,2012,1
LNY,Lanai,563.36,723.21,2012,1
JHM,Kapalua,639.92,821.49,2012,1
HNL,Honolulu,374.99,477.43,2012,2
OGG,Kahului,271.56,345.75,2012,2
KOA,Kona,275.77,351.11,2012,2
LIH,Lihue,246.07,313.3,2012,2
ITO,Hilo,227.98,290.26,2012,2
MKK,Hoolehua,680.56,866.48,2012,2
LNY,Lanai,913.73,1163.36,2012,2
JHM,Kapalua,571.14,727.18,2012,2
HNL,Honolulu,346.75,440.52,2012,3
OGG,Kahului,256.94,326.41,2012,3
KOA,Kona,254.04,322.73,2012,3
LIH,Lihue,238.28,302.72,2012,3
ITO,Hilo,215.88,274.25,2012,3
MKK,Hoolehua,533.71,678.04,2012,3
LNY,Lanai,552.0,701.27,2012,3
JHM,Kapalua,670.75,852.13,2012,3
HNL,Honolulu,333.82,423.93,2012,4
OGG,Kahului,244.42,310.4,2012,4
KOA,Kona,250.65,318.31,2012,4
LIH,Lihue,222.45,282.51,2012,4
ITO,Hilo,212.62,270.02,2012,4
MKK,Hoolehua,493.4,626.6,2012,4
LNY,Lanai,295.5,375.27,2012,4
JHM,Kapalua,785.82,997.96,2012,4
HNL,Honolulu,310.69,392.25,2013,1
OGG,Kahului,246.21,310.84,2013,1
KOA,Kona,256.45,323.77,2013,1
LIH,Lihue,221.3,279.4,2013,1
ITO,Hilo,206.99,261.32,2013,1
MKK,Hoolehua,894.25,1128.99,2013,1
LNY,Lanai,874.25,1103.74,2013,1
JHM,Kapalua,844.63,1066.34,2013,1
HNL,Honolulu,352.68,442.87,2013,2
OGG,Kahului,272.1,341.68,2013,2
KOA,Kona,290.49,364.77,2013,2
LIH,Lihue,255.27,320.54,2013,2
ITO,Hilo,237.98,298.83,2013,2
MKK,Hoolehua,319.67,401.41,2013,2
LNY,Lanai,1029.5,1292.75,2013,2
HNL,Honolulu,361.88,452.71,2013,3
OGG,Kahului,283.66,354.85,2013,3
KOA,Kona,300.37,375.75,2013,3
LIH,Lihue,265.98,332.74,2013,3
ITO,Hilo,246.34,308.16,2013,3
MKK,Hoolehua,756.0,945.74,2013,3
LNY,Lanai,870.6,1089.1,2013,3
HNL,Honolulu,364.92,457.78,2013,4
OGG,Kahului,283.97,356.23,2013,4
KOA,Kona,294.0,368.82,2013,4
LIH,Lihue,262.78,329.65,2013,4
ITO,Hilo,236.77,297.02,2013,4
MKK,Hoolehua,519.0,651.08,2013,4
LNY,Lanai,1304.33,1636.26,2013,4
HNL,Honolulu,343.1,427.16,2014,1
OGG,Kahului,286.32,356.48,2014,1
KOA,Kona,296.31,368.91,2014,1
LIH,Lihue,259.89,323.57,2014,1
ITO,Hilo,222.49,277.01,2014,1
MKK,Hoolehua,340.23,423.59,2014,1
LNY,Lanai,906.83,1129.01,2014,1
HNL,Honolulu,390.61,480.63,2014,2
OGG,Kahului,307.72,378.64,2014,2
KOA,Kona,314.37,386.83,2014,2
LIH,Lihue,279.77,344.25,2014,2
ITO,Hilo,265.49,326.67,2014,2
MKK,Hoolehua,266.11,327.44,2014,2
LNY,Lanai,473.83,583.03,2014,2
HNL,Honolulu,377.93,464.5,2014,3
OGG,Kahului,309.3,380.15,2014,3
KOA,Kona,300.93,369.86,2014,3
LIH,Lihue,272.37,334.76,2014,3
ITO,Hilo,253.6,311.69,2014,3
MKK,Hoolehua,216.83,266.5,2014,3
LNY,Lanai,432.77,531.9,2014,3
HNL,Honolulu,380.29,471.18,2014,4
OGG,Kahului,295.26,365.83,2014,4
KOA,Kona,311.88,386.42,2014,4
LIH,Lihue,261.33,323.79,2014,4
ITO,Hilo,253.79,314.46,2014,4
MKK,Hoolehua,224.35,277.97,2014,4
LNY,Lanai,394.13,488.33,2014,4
HNL,Honolulu,356.71,444.38,2015,1
OGG,Kahului,311.59,388.18,2015,1
KOA,Kona,314.03,391.22,2015,1
LIH,Lihue,279.05,347.64,2015,1
ITO,Hilo,235.46,293.34,2015,1
MKK,Hoolehua,226.36,281.99,2015,1
LNY,Lanai,750.11,934.48,2015,1
HNL,Honolulu,406.29,500.12,2015,2
OGG,Kahului,334.22,411.41,2015,2
KOA,Kona,334.27,411.47,2015,2
LIH,Lihue,304.42,374.73,2015,2
ITO,Hilo,273.98,337.26,2015,2
MKK,Hoolehua,271.82,334.59,2015,2
LNY,Lanai,499.17,614.45,2015,2
HNL,Honolulu,386.85,474.94,2015,3
OGG,Kahului,325.44,399.55,2015,3
KOA,Kona,321.28,394.44,2015,3
LIH,Lihue,288.39,354.06,2015,3
ITO,Hilo,266.77,327.52,2015,3
MKK,Hoolehua,206.28,253.25,2015,3
LNY,Lanai,310.64,381.38,2015,3
HNL,Honolulu,389.09,479.85,2015,4
OGG,Kahului,308.37,380.31,2015,4
KOA,Kona,319.15,393.6,2015,4
LIH,Lihue,283.96,350.2,2015,4
ITO,Hilo,262.44,323.66,2015,4
MKK,Hoolehua,239.67,295.58,2015,4
LNY,Lanai,291.0,358.88,2015,4
HNL,Honolulu,358.79,442.2,2016,1
OGG,Kahului,306.67,377.96,2016,1
KOA,Kona,314.91,388.11,2016,1
LIH,Lihue,276.26,340.49,2016,1
ITO,Hilo,246.28,303.54,2016,1
MKK,Hoolehua,237.06,292.17,2016,1
LNY,Lanai,419.78,517.37,2016,1
HNL,Honolulu,394.63,480.74,2016,2
OGG,Kahului,321.66,391.84,2016,2
KOA,Kona,324.74,395.6,2016,2
LIH,Lihue,297.69,362.65,2016,2
ITO,Hilo,272.22,331.61,2016,2
MKK,Hoolehua,233.57,284.53,2016,2
LNY,Lanai,379.07,461.77,2016,2
HNL,Honolulu,387.29,470.23,2016,3
OGG,Kahului,321.71,390.6,2016,3
KOA,Kona,323.94,393.31,2016,3
LIH,Lihue,296.48,359.98,2016,3
ITO,Hilo,273.44,332.0,2016,3
MKK,Hoolehua,242.69,294.66,2016,3
LNY,Lanai,286.26,347.56,2016,3
JHM,Kapalua,504.0,611.93,2016,3
HNL,Honolulu,409.93,496.61,2016,4
OGG,Kahului,315.77,382.54,2016,4
KOA,Kona,335.08,405.93,2016,4
LIH,Lihue,304.98,369.47,2016,4
ITO,Hilo,283.51,343.46,2016,4
MKK,Hoolehua,235.05,284.75,2016,4
LNY,Lanai,404.65,490.22,2016,4
JHM,Kapalua,298.0,361.01,2016,4
HNL,Honolulu,357.74,429.98,2017,1
OGG,Kahului,300.07,360.66,2017,1
KOA,Kona,320.96,385.78,2017,1
LIH,Lihue,283.79,341.1,2017,1
ITO,Hilo,262.43,315.42,2017,1
MKK,Hoolehua,215.39,258.89,2017,1
LNY,Lanai,350.39,421.15,2017,1
JHM,Kapalua,168.17,202.13,2017,1
HNL,Honolulu,380.6,454.98,2017,2
OGG,Kahului,305.72,365.47,2017,2
KOA,Kona,311.53,372.42,2017,2
LIH,Lihue,287.28,343.43,2017,2
ITO,Hilo,282.35,337.54,2017,2
MKK,Hoolehua,243.82,291.48,2017,2
LNY,Lanai,437.41,522.91,2017,2
JHM,Kapalua,344.83,412.23,2017,2
HNL,Honolulu,357.53,425.72,2017,3
OGG,Kahului,289.79,345.06,2017,3
KOA,Kona,298.21,355.09,2017,3
LIH,Lihue,275.89,328.51,2017,3
ITO,Hilo,277.26,330.14,2017,3
MKK,Hoolehua,211.36,251.67,2017,3
LNY,Lanai,356.64,424.66,2017,3
JHM,Kapalua,287.05,341.8,2017,3
HNL,Honolulu,378.19,448.66,2017,4
OGG,Kahului,294.26,349.08,2017,4
KOA,Kona,308.92,366.48,2017,4
LIH,Lihue,280.98,333.33,2017,4
ITO,Hilo,266.69,316.39,2017,4
MKK,Hoolehua,242.93,288.2,2017,4
LNY,Lanai,375.33,445.27,2017,4
JHM,Kapalua,279.62,331.72,2017,4
MUE,Kamuela,590.0,699.94,2017,4
HNL,Honolulu,357.64,420.55,2018,1
OGG,Kahului,307.68,361.81,2018,1
KOA,Kona,320.91,377.36,2018,1
LIH,Lihue,286.63,337.05,2018,1
ITO,Hilo,255.11,299.99,2018,1
MKK,Hoolehua,246.99,290.44,2018,1
LNY,Lanai,470.34,553.08,2018,1
JHM,Kapalua,311.91,366.78,2018,1
HNL,Honolulu,385.18,448.31,2018,2
OGG,Kahului,303.84,353.64,2018,2
KOA,Kona,304.38,354.26,2018,2
LIH,Lihue,279.48,325.28,2018,2
ITO,Hilo,269.07,313.17,2018,2
MKK,Hoolehua,225.84,262.85,2018,2
LNY,Lanai,334.21,388.98,2018,2
JHM,Kapalua,308.85,359.47,2018,2
HNL,Honolulu,375.07,435.12,2018,3
OGG,Kahului,294.41,341.54,2018,3
KOA,Kona,286.7,332.6,2018,3
LIH,Lihue,267.02,309.77,2018,3
ITO,Hilo,259.17,300.67,2018,3
MKK,Hoolehua,218.82,253.85,2018,3
LNY,Lanai,282.81,328.09,2018,3
JHM,Kapalua,297.4,345.01,2018,3
HNL,Honolulu,378.22,439.02,2018,4
OGG,Kahului,286.24,332.26,2018,4
KOA,Kona,284.26,329.96,2018,4
LIH,Lihue,264.9,307.49,2018,4
ITO,Hilo,257.46,298.85,2018,4
MKK,Hoolehua,182.68,212.04,2018,4
LNY,Lanai,303.05,351.77,2018,4
JHM,Kapalua,341.87,396.83,2018,4
HNL,Honolulu,349.1,403.87,2019,1
OGG,Kahului,302.48,349.93,2019,1
KOA,Kona,299.57,346.57,2019,1
LIH,Lihue,262.73,303.95,2019,1
ITO,Hilo,238.01,275.35,2019,1
MKK,Hoolehua,230.26,266.39,2019,1
LNY,Lanai,367.65,425.33,2019,1
JHM,Kapalua,347.35,401.84,2019,1
HNM,Hana,270.0,312.36,2019,1
HNL,Honolulu,353.66,404.29,2019,2
OGG,Kahului,276.72,316.34,2019,2
KOA,Kona,272.42,311.43,2019,2
LIH,Lihue,279.01,318.96,2019,2
ITO,Hilo,262.33,299.89,2019,2
MKK,Hoolehua,221.03,252.68,2019,2
LNY,Lanai,318.23,363.79,2019,2
JHM,Kapalua,361.07,412.77,2019,2
HNL,Honolulu,333.6,380.32,2019,3
OGG,Kahului,260.43,296.91,2019,3
KOA,Kona,254.2,289.81,2019,3
LIH,Lihue,281.32,320.72,2019,3
ITO,Hilo,255.55,291.34,2019,3
MKK,Hoolehua,212.66,242.44,2019,3
LNY,Lanai,336.86,384.04,2019,3
JHM,Kapalua,252.09,287.4,2019,3
HNL,Honolulu,340.27,387.11,2019,4
OGG,Kahului,258.59,294.18,2019,4
KOA,Kona,258.78,294.4,2019,4
LIH,Lihue,256.47,291.77,2019,4
ITO,Hilo,259.56,295.29,2019,4
MKK,Hoolehua,196.47,223.51,2019,4
LNY,Lanai,439.26,499.72,2019,4
JHM,Kapalua,269.66,306.77,2019,4
HNL,Honolulu,300.93,340.92,2020,1
OGG,Kahului,271.48,307.56,2020,1
KOA,Kona,261.86,296.65,2020,1
LIH,Lihue,244.11,276.55,2020,1
ITO,Hilo,178.11,201.77,2020,1
MKK,Hoolehua,245.88,278.55,2020,1
LNY,Lanai,235.07,266.31,2020,1
JHM,Kapalua,285.98,323.98,2020,1
HNL,Honolulu,268.87,306.25,2020,2
OGG,Kahului,217.2,247.4,2020,2
KOA,Kona,219.07,249.52,2020,2
LIH,Lihue,182.71,208.11,2020,2
ITO,Hilo,145.41,165.62,2020,2
MKK,Hoolehua,120.67,137.44,2020,2
LNY,Lanai,270.09,307.64,2020,2
HNL,Honolulu,267.52,301.3,2020,3
OGG,Kahului,201.3,226.72,2020,3
KOA,Kona,212.67,239.53,2020,3
LIH,Lihue,180.44,203.23,2020,3
ITO,Hilo,143.48,161.6,2020,3
MKK,Hoolehua,200.29,225.59,2020,3
LNY,Lanai,220.23,248.04,2020,3
HNL,Honolulu,320.29,359.91,2020,4
OGG,Kahului,269.5,302.84,2020,4
KOA,Kona,259.28,291.35,2020,4
LIH,Lihue,262.95,295.47,2020,4
ITO,Hilo,151.64,170.4,2020,4
MKK,Hoolehua,224.57,252.35,2020,4
LNY,Lanai,283.4,318.46,2020,4
HNL,Honolulu,291.19,323.73,2021,1
OGG,Kahului,280.21,311.53,2021,1
KOA,Kona,274.23,304.88,2021,1
LIH,Lihue,242.14,269.21,2021,1
ITO,Hilo,144.36,160.5,2021,1
MKK,Hoolehua,233.2,259.27,2021,1
LNY,Lanai,582.63,647.75,2021,1
JHM,Kapalua,484.0,538.1,2021,1
HNL,Honolulu,329.93,358.42,2021,2
OGG,Kahului,281.75,306.08,2021,2
KOA,Kona,277.62,301.59,2021,2
LIH,Lihue,273.12,296.71,2021,2
ITO,Hilo,182.87,198.66,2021,2
MKK,Hoolehua,558.17,606.37,2021,2
LNY,Lanai,496.0,538.83,2021,2
JHM,Kapalua,483.5,525.25,2021,2
HNL,Honolulu,338.12,361.53,2021,3
OGG,Kahului,274.45,293.45,2021,3
KOA,Kona,265.11,283.46,2021,3
LIH,Lihue,261.05,279.12,2021,3
ITO,Hilo,200.99,214.91,2021,3
MKK,Hoolehua,670.5,716.92,2021,3
LNY,Lanai,1536.0,1642.35,2021,3
JHM,Kapalua,1132.0,1210.38,2021,3
HNL,Honolulu,332.77,350.5,2021,4
OGG,Kahului,265.03,279.15,2021,4
KOA,Kona,261.53,275.45,2021,4
LIH,Lihue,252.65,266.1,2021,4
ITO,Hilo,197.58,208.1,2021,4
MKK,Hoolehua,719.83,758.17,2021,4
LNY,Lanai,778.0,819.43,2021,4
JHM,Kapalua,418.5,440.79,2021,4
HNM,Hana,1164.0,1225.99,2021,4
